Program,Size,parseTime,extractTime,nonNegTransTime,probTransTime,z3res,z3runTimeNonNeg,z3runTimeProb,z3invariantSolverTime,z3constraintSolverTime,z3checkSatTotalTime,toolTimeZ3,cvc5res,cvc5runTimeNonNeg,cvc5runTimeProb,cvc5invariantSolverTime,cvc5constraintSolverTime,cvc5checkSatTotalTime,toolTimecvc5,z3wpTime,cvc5wpTime,runNonNegCheckNTimes,runProbCheckNTimes,doNonNeg,doProbCheck
whileLoops_1.pgcl,1,0.04655194282531738,0.00011086463928222656,0.0,0.0,Sat,0.0,0.0,0.036644935607910156,0.007145404815673828,0.04399275779724121,0.09065771102905273,Sat,0.0,0.0,0.019176006317138672,0.0038199424743652344,0.023149967193603516,0.06981492042541504,0.03684496879577637,0.019324779510498047,False,False,False,False
whileLoops_2.pgcl,2,0.01764392852783203,0.0001709461212158203,0.0,0.0,Sat,0.0,0.0,0.06920003890991211,0.005991220474243164,0.07537984848022461,0.09319686889648438,Sat,0.0,0.0,0.06491613388061523,0.0033218860626220703,0.06844782829284668,0.08626484870910645,0.06938290596008301,0.0651240348815918,False,False,False,False
whileLoops_3.pgcl,3,0.018449068069458008,0.00022602081298828125,0.0,0.0,Unsat,0.0,0.0,0.0875856876373291,0.003641843795776367,0.09148073196411133,0.11015772819519043,Unsat,0.0,0.0,0.04340791702270508,0.002382993698120117,0.04596590995788574,0.06464290618896484,0.08783674240112305,0.043580055236816406,False,False,False,False
whileLoops_4.pgcl,4,0.014962196350097656,0.00017976760864257812,0.0,0.0,Sat,0.0,0.0,0.07611870765686035,0.0027608871459960938,0.07911300659179688,0.09425735473632812,Sat,0.0,0.0,0.0574951171875,0.004040956497192383,0.061955928802490234,0.07710027694702148,0.07634902000427246,0.05791211128234863,False,False,False,False
whileLoops_5.pgcl,5,0.03632378578186035,0.0005590915679931641,0.0,0.0,Unsat,0.0,0.0,0.2088298797607422,0.004934072494506836,0.21413612365722656,0.2510209083557129,Unsat,0.0,0.0,0.10875916481018066,0.0033469200134277344,0.11240196228027344,0.14928674697875977,0.2091989517211914,0.10905194282531738,False,False,False,False
whileLoops_6.pgcl,6,0.02814173698425293,0.0005390644073486328,0.0,0.0,Sat,0.0,0.0,0.11806344985961914,0.0035190582275390625,0.12191915512084961,0.15060210227966309,Sat,0.0,0.0,0.08754539489746094,0.0029218196868896484,0.09079885482788086,0.11948180198669434,0.11839699745178223,0.0878746509552002,False,False,False,False
whileLoops_7.pgcl,7,0.0334620475769043,0.00049591064453125,0.0,0.0,Sat,0.0,0.0,0.24533867835998535,0.006314992904663086,0.2525918483734131,0.28655219078063965,Sat,0.0,0.0,0.10564017295837402,0.0023720264434814453,0.1084139347076416,0.14237427711486816,0.24627304077148438,0.10603904724121094,False,False,False,False
whileLoops_8.pgcl,8,0.026407718658447266,0.0007040500640869141,0.0,0.0,Sat,0.0,0.0,0.16024112701416016,0.0028290748596191406,0.16350102424621582,0.19061684608459473,Sat,0.0,0.0,0.14206361770629883,0.002496957778930664,0.145003080368042,0.1721189022064209,0.16066884994506836,0.142503023147583,False,False,False,False
whileLoops_9.pgcl,9,0.035343170166015625,0.0007321834564208984,0.0,0.0,Sat,0.0,0.0,0.25689101219177246,0.003751993179321289,0.26126909255981445,0.2973463535308838,Sat,0.0,0.0,0.16559553146362305,0.0024750232696533203,0.16894006729125977,0.2050173282623291,0.25751304626464844,0.16646337509155273,False,False,False,False
whileLoops_10.pgcl,10,0.030025959014892578,0.0003829002380371094,0.0,0.0,Sat,0.0,0.0,0.23706364631652832,0.0035729408264160156,0.2411642074584961,0.2715752124786377,Sat,0.0,0.0,0.18972158432006836,0.0023937225341796875,0.19272613525390625,0.22313714027404785,0.23758721351623535,0.19032907485961914,False,False,False,False
whileLoops_11.pgcl,11,0.025339841842651367,0.00037789344787597656,0.0,0.0,Sat,0.0,0.0,0.23073267936706543,0.0031621456146240234,0.23444509506225586,0.2601640224456787,Sat,0.0,0.0,0.29359960556030273,0.00374603271484375,0.29819393157958984,0.3239128589630127,0.23127985000610352,0.2944447994232178,False,False,False,False
whileLoops_12.pgcl,12,0.05599188804626465,0.0012180805206298828,0.0,0.0,Sat,0.0,0.0,0.33855366706848145,0.0026400089263916016,0.342540979385376,0.3997538089752197,Sat,0.0,0.0,0.1787574291229248,0.0021598339080810547,0.18148589134216309,0.23869872093200684,0.33989787101745605,0.17932415008544922,False,False,False,False
whileLoops_13.pgcl,13,0.03176403045654297,0.0006079673767089844,0.0,0.0,Sat,0.0,0.0,0.5003659725189209,0.004067182540893555,0.5052447319030762,0.5376198291778564,Sat,0.0,0.0,0.3965940475463867,0.0037539005279541016,0.4011728763580322,0.4335479736328125,0.5011746883392334,0.3974158763885498,False,False,False,False
whileLoops_14.pgcl,14,0.05704307556152344,0.0012691020965576172,0.0,0.0,Unsat,0.0,0.0,0.7072889804840088,0.00969696044921875,0.7183830738067627,0.776698112487793,Unsat,0.0,0.0,0.486605167388916,0.007003068923950195,0.4950270652770996,0.5533421039581299,0.7086830139160156,0.4880199432373047,False,False,False,False
whileLoops_15.pgcl,15,0.10985875129699707,0.0013968944549560547,0.0,0.0,Sat,0.0,0.0,1.8246655464172363,0.00457310676574707,1.832331895828247,1.943591833114624,Sat,0.0,0.0,0.9435074329376221,0.0038499832153320312,0.9483771324157715,1.0596370697021484,1.8277547359466553,0.9445240497589111,False,False,False,False
whileLoops_16.pgcl,16,0.03731989860534668,0.0008919239044189453,0.0,0.0,Unsat,0.0,0.0,0.5158126354217529,0.0031540393829345703,0.5198240280151367,0.5580389499664307,Unsat,0.0,0.0,0.5195071697235107,0.003765106201171875,0.5243887901306152,0.5626037120819092,0.5166680812835693,0.5206217765808105,False,False,False,False
whileLoops_17.pgcl,17,0.033557891845703125,0.0005807876586914062,0.0,0.0,Unsat,0.0,0.0,0.4184839725494385,0.003299713134765625,0.42265820503234863,0.45679807662963867,Unsat,0.0,0.0,0.30719900131225586,0.0025870800018310547,0.31070470809936523,0.3448445796966553,0.4193572998046875,0.30811595916748047,False,False,False,False
whileLoops_18.pgcl,18,0.037921905517578125,0.0009198188781738281,0.0,0.0,Sat,0.0,0.0,0.37470293045043945,0.003122091293334961,0.3787271976470947,0.417572021484375,Sat,0.0,0.0,0.3503458499908447,0.003181934356689453,0.35433292388916016,0.39317774772644043,0.37560319900512695,0.3511481285095215,False,False,False,False
whileLoops_19.pgcl,19,0.04049372673034668,0.0006361007690429688,0.0,0.0,Sat,0.0,0.0,0.48638916015625,0.002588987350463867,0.49001407623291016,0.5311450958251953,Sat,0.0,0.0,0.2935774326324463,0.0038340091705322266,0.2982499599456787,0.33938097953796387,0.4874229431152344,0.29441308975219727,False,False,False,False
whileLoops_20.pgcl,20,0.04581809043884277,0.0007038116455078125,0.0,0.0,Sat,0.0,0.0,0.48281168937683105,0.002995014190673828,0.4869818687438965,0.533505916595459,Sat,0.0,0.0,0.3405466079711914,0.003650188446044922,0.3451669216156006,0.3916909694671631,0.48398494720458984,0.34151506423950195,False,False,False,False
whileLoops_21.pgcl,21,0.04464316368103027,0.0007359981536865234,0.0,0.0,Unsat,0.0,0.0,0.4598405361175537,0.003434896469116211,0.46434712409973145,0.5097272396087646,Unsat,0.0,0.0,0.3685305118560791,0.002766132354736328,0.3722090721130371,0.4175891876220703,0.4609100818634033,0.36944007873535156,False,False,False,False
whileLoops_22.pgcl,22,0.04493999481201172,0.0008180141448974609,0.0,0.0,Sat,0.0,0.0,0.4977877140045166,0.0028791427612304688,0.5017437934875488,0.5475037097930908,Sat,0.0,0.0,0.3548421859741211,0.0038290023803710938,0.3596940040588379,0.4054539203643799,0.49886369705200195,0.3558619022369385,False,False,False,False
whileLoops_23.pgcl,23,0.03992438316345215,0.0007328987121582031,0.0,0.0,Sat,0.0,0.0,0.5454320907592773,0.0033872127532958984,0.5499131679534912,0.5905723571777344,Sat,0.0,0.0,0.45587873458862305,0.0039141178131103516,0.46094393730163574,0.5016031265258789,0.5465240478515625,0.45702695846557617,False,False,False,False
whileLoops_24.pgcl,24,0.06022000312805176,0.001024007797241211,0.0,0.0,Sat,0.0,0.0,0.6289830207824707,0.0035257339477539062,0.6337358951568604,0.6949808597564697,Sat,0.0,0.0,0.4902989864349365,0.0027840137481689453,0.4943270683288574,0.5555720329284668,0.6302070617675781,0.49153995513916016,False,False,False,False
whileLoops_25.pgcl,25,0.049386024475097656,0.0007979869842529297,0.0,0.0,Unsat,0.0,0.0,0.5495359897613525,0.0044460296630859375,0.5550601482391357,0.6052441596984863,Unsat,0.0,0.0,0.4194362163543701,0.0026628971099853516,0.42334890365600586,0.47353291511535645,0.5506110191345215,0.4206840991973877,False,False,False,False
whileLoops_26.pgcl,26,0.1985478401184082,0.0008959770202636719,0.0,0.0,Sat,0.0,0.0,0.555316686630249,0.0031440258026123047,0.5596559047698975,0.7591009140014648,Sat,0.0,0.0,0.47234034538269043,0.0024251937866210938,0.4759979248046875,0.6754429340362549,0.5565109252929688,0.4735701084136963,False,False,False,False
whileLoops_27.pgcl,27,0.04568815231323242,0.0013248920440673828,0.0,0.0,Sat,0.0,0.0,0.5502443313598633,0.0026781558990478516,0.554128885269165,0.6011438369750977,Sat,0.0,0.0,0.4641547203063965,0.0035219192504882812,0.46898889541625977,0.5160038471221924,0.5514488220214844,0.46546411514282227,False,False,False,False
whileLoops_28.pgcl,28,0.05262589454650879,0.001104116439819336,0.0,0.0,Sat,0.0,0.0,0.6035342216491699,0.0025250911712646484,0.6073789596557617,0.6611108779907227,Sat,0.0,0.0,0.518193244934082,0.00337982177734375,0.5229570865631104,0.5766890048980713,0.6048510074615479,0.5195751190185547,False,False,False,False
whileLoops_29.pgcl,29,0.09012889862060547,0.0018169879913330078,0.0,0.0,Unsat,0.0,0.0,0.6577413082122803,0.003907203674316406,0.663294792175293,0.7552447319030762,Unsat,0.0,0.0,0.5610368251800537,0.002608060836791992,0.5651640892028809,0.6571140289306641,0.65938401222229,0.562553882598877,False,False,False,False
whileLoops_30.pgcl,30,0.06723904609680176,0.00167083740234375,0.0,0.0,Sat,0.0,0.0,0.6231105327606201,0.003934144973754883,0.6285409927368164,0.6974539756774902,Sat,0.0,0.0,0.5191810131072998,0.003053903579711914,0.5236971378326416,0.5926101207733154,0.6246049404144287,0.5206398963928223,False,False,False,False
whileLoops_31.pgcl,31,0.06644010543823242,0.0012891292572021484,0.0,0.0,Sat,0.0,0.0,0.687535285949707,0.0027048587799072266,0.6917510032653809,0.7594830989837646,Sat,0.0,0.0,0.5646812915802002,0.0026781558990478516,0.5687808990478516,0.6365129947662354,0.6890430450439453,0.5660998821258545,False,False,False,False
whileLoops_32.pgcl,32,0.06321907043457031,0.0012290477752685547,0.0,0.0,Sat,0.0,0.0,0.6919333934783936,0.0032181739807128906,0.6968898773193359,0.7613410949707031,Sat,0.0,0.0,0.6428241729736328,0.0025839805603027344,0.6470041275024414,0.7114553451538086,0.6936700344085693,0.6444191932678223,False,False,False,False
whileLoops_33.pgcl,33,0.07210922241210938,0.0018050670623779297,0.0,0.0,Sat,0.0,0.0,0.7031369209289551,0.0030517578125,0.7077598571777344,0.7816767692565918,Sat,0.0,0.0,0.5801684856414795,0.0024976730346679688,0.5841391086578369,0.6580560207366943,0.704704999923706,0.581639289855957,False,False,False,False
whileLoops_34.pgcl,34,0.06887316703796387,0.0018930435180664062,0.0,0.0,Unsat,0.0,0.0,0.713001012802124,0.05490994453430176,0.7694799900054932,0.8402490615844727,Unsat,0.0,0.0,0.5494365692138672,0.0026617050170898438,0.5535690784454346,0.6243381500244141,0.7145669460296631,0.5509040355682373,False,False,False,False
whileLoops_35.pgcl,35,0.06933307647705078,0.0011420249938964844,0.0,0.0,Sat,0.0,0.0,0.8324353694915771,0.00310516357421875,0.83725905418396,0.9077351093292236,Sat,0.0,0.0,0.5935878753662109,0.0028579235076904297,0.597959041595459,0.6684350967407227,0.834151029586792,0.5950980186462402,False,False,False,False
whileLoops_36.pgcl,36,0.08662295341491699,0.0011742115020751953,0.0,0.0,Unsat,0.0,0.0,0.8602294921875,0.003058910369873047,0.8650202751159668,0.9528193473815918,Unsat,0.0,0.0,0.6450583934783936,0.0046253204345703125,0.6512970924377441,0.7390961647033691,0.8619592189788818,0.6466689109802246,False,False,False,False
whileLoops_37.pgcl,37,0.09852910041809082,0.0019230842590332031,0.0,0.0,Sat,0.0,0.0,0.8065876960754395,0.004612922668457031,0.812932014465332,0.9133872985839844,Sat,0.0,0.0,0.7360424995422363,0.0031299591064453125,0.7408850193023682,0.8413403034210205,0.8083162307739258,0.7377519607543945,False,False,False,False
whileLoops_38.pgcl,38,0.07043600082397461,0.0013213157653808594,0.0,0.0,Sat,0.0,0.0,0.7913711071014404,0.003476858139038086,0.7965860366821289,0.8683450222015381,Sat,0.0,0.0,0.6418306827545166,0.0028328895568847656,0.6464147567749023,0.7181737422943115,0.7931058406829834,0.6435787677764893,False,False,False,False
whileLoops_39.pgcl,39,0.08404088020324707,0.0012729167938232422,0.0,0.0,Sat,0.0,0.0,0.9019639492034912,0.002566099166870117,0.9063448905944824,0.9916610717773438,Sat,0.0,0.0,0.7302675247192383,0.002597332000732422,0.734727144241333,0.8200433254241943,0.9037768840789795,0.7321279048919678,False,False,False,False
whileLoops_40.pgcl,40,0.07970309257507324,0.002080678939819336,0.0,0.0,Unsat,0.0,0.0,0.8366382122039795,0.0029230117797851562,0.8413801193237305,0.923166036605835,Unsat,0.0,0.0,0.7818655967712402,0.0036611557006835938,0.7873110771179199,0.8690969944000244,0.838454008102417,0.7836458683013916,False,False,False,False
whileLoops_41.pgcl,41,0.07287192344665527,0.0013179779052734375,0.0,0.0,Sat,0.0,0.0,0.8825573921203613,0.0034530162811279297,0.8880019187927246,0.9621939659118652,Sat,0.0,0.0,0.6853883266448975,0.002756834030151367,0.6899149417877197,0.7641069889068604,0.8845460414886475,0.6871559619903564,False,False,False,False
whileLoops_42.pgcl,42,0.0952150821685791,0.0014870166778564453,0.0,0.0,Sat,0.0,0.0,0.9855210781097412,0.003120899200439453,0.9906911849975586,1.0873949527740479,Sat,0.0,0.0,0.8073859214782715,0.0037479400634765625,0.8131451606750488,0.9098489284515381,0.9875681400299072,0.8093929290771484,False,False,False,False
whileLoops_43.pgcl,43,0.10806393623352051,0.002785921096801758,0.0,0.0,Unsat,0.0,0.0,0.998680830001831,0.0038919448852539062,1.0045111179351807,1.1153650283813477,Unsat,0.0,0.0,0.7264871597290039,0.0026917457580566406,0.7310757637023926,0.8419296741485596,1.0006163120269775,0.7283809185028076,False,False,False,False
whileLoops_44.pgcl,44,0.16316008567810059,0.0029561519622802734,0.0,0.0,Sat,0.0,0.0,0.9244658946990967,0.0028972625732421875,0.9293391704559326,1.095459222793579,Sat,0.0,0.0,1.2398192882537842,0.004647016525268555,1.2471230030059814,1.413243055343628,0.9264388084411621,1.2424728870391846,False,False,False,False
whileLoops_45.pgcl,45,0.10790395736694336,0.0018732547760009766,0.0,0.0,Sat,0.0,0.0,1.5197479724884033,0.004164934158325195,1.5286037921905518,1.638382911682129,Sat,0.0,0.0,1.0653958320617676,0.002592802047729492,1.07082200050354,1.1806011199951172,1.5244348049163818,1.0682260990142822,False,False,False,False
whileLoops_46.pgcl,46,0.10714101791381836,0.0017657279968261719,0.0,0.0,Sat,0.0,0.0,1.2757067680358887,0.0037050247192382812,1.2818729877471924,1.3907830715179443,Sat,0.0,0.0,1.2192983627319336,0.006765127182006836,1.230402946472168,1.33931303024292,1.2781648635864258,1.223633050918579,False,False,False,False
whileLoops_47.pgcl,47,0.16209197044372559,0.003200054168701172,0.0,0.0,Unsat,0.0,0.0,1.319732904434204,0.0037660598754882812,1.3261830806732178,1.4914782047271729,Unsat,0.0,0.0,0.9001631736755371,0.0034859180450439453,0.9057831764221191,1.0710783004760742,1.3224141597747803,0.9022939205169678,False,False,False,False
whileLoops_48.pgcl,48,0.10865378379821777,0.0016171932220458984,0.0,0.0,Unsat,0.0,0.0,2.137650728225708,0.0051877498626708984,2.1456918716430664,2.255964756011963,Unsat,0.0,0.0,0.9875280857086182,0.0043408870697021484,0.9942200183868408,1.1044929027557373,2.140501022338867,0.9898757934570312,False,False,False,False
whileLoops_49.pgcl,49,0.10133194923400879,0.0017061233520507812,0.0,0.0,Sat,0.0,0.0,1.0489907264709473,0.0030901432037353516,1.0543920993804932,1.1574492454528809,Sat,0.0,0.0,0.8440835475921631,0.002888917922973633,0.849250078201294,0.9523072242736816,1.051300287246704,0.8463590145111084,False,False,False,False
whileLoops_50.pgcl,50,0.09358787536621094,0.0027649402618408203,0.0,0.0,Sat,0.0,0.0,1.0510649681091309,0.002779245376586914,1.0560681819915771,1.15242338180542,Sat,0.0,0.0,1.030750036239624,0.0035271644592285156,1.0366978645324707,1.1330530643463135,1.0532870292663574,1.0331687927246094,False,False,False,False
whileLoops_51.pgcl,51,0.10666608810424805,0.001683950424194336,0.0,0.0,Sat,0.0,0.0,1.1644930839538574,0.0029358863830566406,1.1697187423706055,1.2780697345733643,Sat,0.0,0.0,0.9622352123260498,0.0028939247131347656,0.9674820899963379,1.0758330821990967,1.1667797565460205,0.9645850658416748,False,False,False,False
whileLoops_52.pgcl,52,0.10029888153076172,0.0017540454864501953,0.0,0.0,Unsat,0.0,0.0,1.1170127391815186,0.002708911895751953,1.1220049858093262,1.224059820175171,Unsat,0.0,0.0,1.063371181488037,0.0031850337982177734,1.0688951015472412,1.170949935913086,1.1192939281463623,1.0657081604003906,False,False,False,False
whileLoops_53.pgcl,53,0.10950589179992676,0.001886129379272461,0.0,0.0,Sat,0.0,0.0,1.167459487915039,0.002855062484741211,1.1730852127075195,1.284477949142456,Sat,0.0,0.0,1.0052263736724854,0.0034449100494384766,1.0111517906188965,1.122544527053833,1.1702282428741455,1.0077049732208252,False,False,False,False
whileLoops_54.pgcl,54,0.10477018356323242,0.0027933120727539062,0.0,0.0,Sat,0.0,0.0,1.1803967952728271,0.0034410953521728516,1.1863882541656494,1.2939531803131104,Sat,0.0,0.0,1.0411272048950195,0.004488945007324219,1.0481243133544922,1.1556892395019531,1.1829450130462646,1.0436322689056396,False,False,False,False
whileLoops_55.pgcl,55,0.144334077835083,0.0028219223022460938,0.0,0.0,Sat,0.0,0.0,1.204606056213379,0.004730701446533203,1.2117249965667725,1.3588840961456299,Sat,0.0,0.0,1.055124044418335,0.0033349990844726562,1.0610179901123047,1.208177089691162,1.2069900035858154,1.0576798915863037,False,False,False,False
whileLoops_56.pgcl,56,0.21536993980407715,0.0021660327911376953,0.0,0.0,Sat,0.0,0.0,1.1679329872131348,0.0031478404998779297,1.1735422611236572,1.391080379486084,Sat,0.0,0.0,1.0384702682495117,0.0038428306579589844,1.0449328422546387,1.2624709606170654,1.1703910827636719,1.0410869121551514,False,False,False,False
whileLoops_57.pgcl,57,0.16579103469848633,0.003203153610229492,0.0,0.0,Sat,0.0,0.0,1.247826337814331,0.0029709339141845703,1.253546953201294,1.4225451946258545,Sat,0.0,0.0,1.0215563774108887,0.003098726272583008,1.0271501541137695,1.19614839553833,1.2505741119384766,1.024048089981079,False,False,False,False
whileLoops_58.pgcl,58,0.10306882858276367,0.0019528865814208984,0.0,0.0,Sat,0.0,0.0,1.2157518863677979,0.0035331249237060547,1.2219419479370117,1.3269658088684082,Sat,0.0,0.0,1.038559913635254,0.0030889511108398438,1.0443110466003418,1.1493349075317383,1.2184069156646729,1.04121994972229,False,False,False,False
whileLoops_59.pgcl,59,0.12720108032226562,0.002933025360107422,0.0,0.0,Sat,0.0,0.0,1.500561237335205,0.0037779808044433594,1.507767915725708,1.6379046440124512,Sat,0.0,0.0,2.3758561611175537,0.004127025604248047,2.383424997329712,2.513561725616455,1.5039877891540527,2.3792948722839355,False,False,False,False
whileLoops_60.pgcl,60,0.14921092987060547,0.002040863037109375,0.0,0.0,Sat,0.0,0.0,2.524620294570923,0.0033750534057617188,2.5315070152282715,2.6827609539031982,Sat,0.0,0.0,1.359168529510498,0.0026290416717529297,1.3649561405181885,1.5162100791931152,2.528130054473877,1.36232590675354,False,False,False,False
whileLoops_61.pgcl,61,0.14281320571899414,0.0020821094512939453,0.0,0.0,Sat,0.0,0.0,1.4447271823883057,0.0037157535552978516,1.4511981010437012,1.596095085144043,Sat,0.0,0.0,1.4676649570465088,0.0034770965576171875,1.4741761684417725,1.6190731525421143,1.4474802017211914,1.470696210861206,False,False,False,False
whileLoops_62.pgcl,62,0.1854231357574463,0.0020008087158203125,0.0,0.0,Sat,0.0,0.0,1.4193203449249268,0.0041158199310302734,1.4263532161712646,1.6137793064117432,Sat,0.0,0.0,1.6518769264221191,0.003986835479736328,1.6594231128692627,1.8468492031097412,1.4222350120544434,1.655433177947998,False,False,False,False
whileLoops_63.pgcl,63,0.15332388877868652,0.0037298202514648438,0.0,0.0,Sat,0.0,0.0,1.9422416687011719,0.0028710365295410156,1.9482760429382324,2.1053340435028076,Sat,0.0,0.0,1.5519976615905762,0.004437923431396484,1.560091257095337,1.717149257659912,1.9454021453857422,1.555650234222412,False,False,False,False
whileLoops_64.pgcl,64,0.15031194686889648,0.002660989761352539,0.0,0.0,Sat,0.0,0.0,1.6939518451690674,0.0033500194549560547,1.7013161182403564,1.8542921543121338,Sat,0.0,0.0,2.010436534881592,0.0057561397552490234,2.0193989276885986,2.172374963760376,1.697962999343872,2.0136399269104004,False,False,False,False
whileLoops_65.pgcl,65,0.1613619327545166,0.0021898746490478516,0.0,0.0,Sat,0.0,0.0,1.7244513034820557,0.005491971969604492,1.7333810329437256,1.8969359397888184,Sat,0.0,0.0,1.8757388591766357,0.004415035247802734,1.8835759162902832,2.047130823135376,1.7278850078582764,1.8791580200195312,False,False,False,False
whileLoops_66.pgcl,66,0.2601490020751953,0.002192974090576172,0.0,0.0,Sat,0.0,0.0,1.6544620990753174,0.004557132720947266,1.6622719764709473,1.924616813659668,Sat,0.0,0.0,2.238276958465576,0.004465341567993164,2.246731996536255,2.5090768337249756,1.657710075378418,2.242262125015259,False,False,False,False
whileLoops_67.pgcl,67,0.445112943649292,0.0024161338806152344,0.0,0.0,Sat,0.0,0.0,1.890984296798706,0.0038537979125976562,1.9029130935668945,2.3504440784454346,Sat,0.0,0.0,1.5734548568725586,0.010470867156982422,1.587454080581665,2.034985065460205,1.8990561962127686,1.5769710540771484,False,False,False,False
whileLoops_68.pgcl,68,0.38063693046569824,0.003801107406616211,0.0,0.0,Unsat,0.0,0.0,2.391296625137329,0.002986907958984375,2.3994908332824707,2.783932685852051,Unsat,0.0,0.0,2.2013442516326904,0.0032110214233398438,2.2095649242401123,2.5940067768096924,2.3965020179748535,2.2063519954681396,False,False,False,False
whileLoops_69.pgcl,69,0.17013192176818848,0.0023491382598876953,0.0,0.0,Sat,0.0,0.0,2.3657002449035645,0.0028181076049804688,2.3740170001983643,2.5465011596679688,Sat,0.0,0.0,1.2317709922790527,0.002518177032470703,1.2373781204223633,1.4098622798919678,2.3711957931518555,1.2348589897155762,False,False,False,False
whileLoops_70.pgcl,70,0.13999199867248535,0.0030820369720458984,0.0,0.0,Unsat,0.0,0.0,1.4875845909118652,0.0031511783599853516,1.49393892288208,1.6370158195495605,Unsat,0.0,0.0,1.4489567279815674,0.0031685829162597656,1.4555878639221191,1.5986647605895996,1.4907851219177246,1.452415943145752,False,False,False,False
whileLoops_71.pgcl,71,0.14372706413269043,0.0022878646850585938,0.0,0.0,Sat,0.0,0.0,1.6064701080322266,0.003082752227783203,1.6142957210540771,1.7603118419647217,Sat,0.0,0.0,1.269653081893921,0.002641916275024414,1.2755389213562012,1.4215550422668457,1.6112098693847656,1.2728958129882812,False,False,False,False
whileLoops_72.pgcl,72,0.15078306198120117,0.0038208961486816406,0.0,0.0,Sat,0.0,0.0,1.5769078731536865,0.002744913101196289,1.5830559730529785,1.7376630306243896,Sat,0.0,0.0,1.3305516242980957,0.0032439231872558594,1.3369898796081543,1.4915969371795654,1.580307960510254,1.3337430953979492,False,False,False,False
whileLoops_73.pgcl,73,0.14854097366333008,0.0023949146270751953,0.0,0.0,Sat,0.0,0.0,1.5516598224639893,0.00310516357421875,1.5581510066986084,1.70908784866333,Sat,0.0,0.0,1.4364233016967773,0.004844188690185547,1.4446120262145996,1.5955488681793213,1.5550439357757568,1.4397649765014648,False,False,False,False
whileLoops_74.pgcl,74,0.19324803352355957,0.005136966705322266,0.0,0.0,Sat,0.0,0.0,1.647491455078125,0.0028192996978759766,1.653635025024414,1.8520240783691406,Sat,0.0,0.0,1.3227083683013916,0.0027649402618408203,1.3288168907165527,1.5272059440612793,1.6508138179779053,1.3260488510131836,False,False,False,False
whileLoops_75.pgcl,75,0.2453782558441162,0.004311800003051758,0.0,0.0,Sat,0.0,0.0,1.6136541366577148,0.0033271312713623047,1.6206250190734863,1.8703200817108154,Sat,0.0,0.0,1.4673542976379395,0.0026607513427734375,1.473663091659546,1.723358154296875,1.6172959804534912,1.4710001945495605,False,False,False,False
whileLoops_76.pgcl,76,0.1508936882019043,0.002507925033569336,0.0,0.0,Sat,0.0,0.0,1.63053297996521,0.00316619873046875,1.6372690200805664,1.7906718254089355,Sat,0.0,0.0,1.4330413341522217,0.004572868347167969,1.4412031173706055,1.5946059226989746,1.6340999603271484,1.4366261959075928,False,False,False,False
whileLoops_77.pgcl,77,0.18194365501403809,0.0029790401458740234,0.0,0.0,Sat,0.0,0.0,1.788916826248169,0.004809856414794922,1.797818899154663,1.9827427864074707,Sat,0.0,0.0,1.4335737228393555,0.0026159286499023438,1.4399909973144531,1.6249148845672607,1.7930049896240234,1.437373161315918,False,False,False,False
whileLoops_78.pgcl,78,0.15391898155212402,0.0030858516693115234,0.0,0.0,Unsat,0.0,0.0,1.7907254695892334,0.004070281982421875,1.7983510494232178,1.9553589820861816,Unsat,0.0,0.0,1.3221290111541748,0.002727031707763672,1.3283038139343262,1.48531174659729,1.794278860092163,1.325575828552246,False,False,False,False
whileLoops_79.pgcl,79,0.13408684730529785,0.0025839805603027344,0.0,0.0,Sat,0.0,0.0,1.5410304069519043,0.0033349990844726562,1.547766923904419,1.6844398975372314,Sat,0.0,0.0,1.347898244857788,0.0028727054595947266,1.3542490005493164,1.490921974182129,1.5444309711456299,1.3513731956481934,False,False,False,False
whileLoops_80.pgcl,80,0.13976502418518066,0.0025720596313476562,0.0,0.0,Sat,0.0,0.0,1.7104878425598145,0.003507852554321289,1.7176861763000488,1.8600263595581055,Sat,0.0,0.0,1.358797550201416,0.002597808837890625,1.3648650646209717,1.5072052478790283,1.7141761779785156,1.3622651100158691,False,False,False,False
whileLoops_81.pgcl,81,0.1481630802154541,0.002971172332763672,0.0,0.0,Sat,0.0,0.0,1.583244800567627,0.0033271312713623047,1.5901868343353271,1.741323709487915,Sat,0.0,0.0,1.4818551540374756,0.0031299591064453125,1.4884929656982422,1.63962984085083,1.5868568420410156,1.4853601455688477,False,False,False,False
whileLoops_82.pgcl,82,0.23064017295837402,0.0026519298553466797,0.0,0.0,Sat,0.0,0.0,1.6028120517730713,0.004042148590087891,1.61057710647583,1.8438692092895508,Sat,0.0,0.0,1.3758962154388428,0.0026502609252929688,1.3822391033172607,1.6155312061309814,1.606532096862793,1.3795878887176514,False,False,False,False
whileLoops_83.pgcl,83,0.14786696434020996,0.004082918167114258,0.0,0.0,Unsat,0.0,0.0,1.7739481925964355,0.003242969512939453,1.781141996383667,1.9330949783325195,Unsat,0.0,0.0,1.3857078552246094,0.0031719207763671875,1.392509937286377,1.5444629192352295,1.7778971195220947,1.389336109161377,False,False,False,False
whileLoops_84.pgcl,84,0.14511704444885254,0.002753019332885742,0.0,0.0,Sat,0.0,0.0,1.669067144393921,0.0028111934661865234,1.6755590438842773,1.8234310150146484,Sat,0.0,0.0,1.4939024448394775,0.002605915069580078,1.5001740455627441,1.6480460166931152,1.672745943069458,1.497565746307373,False,False,False,False
whileLoops_85.pgcl,85,0.15013909339904785,0.0035851001739501953,0.0,0.0,Sat,0.0,0.0,1.6291444301605225,0.0032129287719726562,1.6360929012298584,1.7898190021514893,Sat,0.0,0.0,1.7119808197021484,0.003022909164428711,1.7189218997955322,1.872648000717163,1.6328778266906738,1.7158961296081543,False,False,False,False
whileLoops_86.pgcl,86,0.14304614067077637,0.002771139144897461,0.0,0.0,Unsat,0.0,0.0,1.9461669921875,0.0031337738037109375,1.9537091255187988,2.0995283126831055,Unsat,0.0,0.0,1.505016803741455,0.003362894058227539,1.5122809410095215,1.6581001281738281,1.950573205947876,1.5089161396026611,False,False,False,False
whileLoops_87.pgcl,87,0.1547079086303711,0.0030279159545898438,0.0,0.0,Sat,0.0,0.0,1.692281723022461,0.003155946731567383,1.6992650032043457,1.8570029735565186,Sat,0.0,0.0,1.5672180652618408,0.0030930042266845703,1.5740768909454346,1.7318148612976074,1.69610595703125,1.570981740951538,False,False,False,False
whileLoops_88.pgcl,88,0.1633000373840332,0.002953052520751953,0.0,0.0,Unsat,0.0,0.0,1.7578375339508057,0.003554105758666992,1.76528000831604,1.931535005569458,Unsat,0.0,0.0,1.5382428169250488,0.003419160842895508,1.5453689098358154,1.7116239070892334,1.7617228031158447,1.5419468879699707,False,False,False,False
whileLoops_89.pgcl,89,0.30096006393432617,0.005441904067993164,0.0,0.0,Unsat,0.0,0.0,1.785132884979248,0.003389120101928711,1.792273998260498,2.098680257797241,Unsat,0.0,0.0,1.5519514083862305,0.003184795379638672,1.5590147972106934,1.8654210567474365,1.7888820171356201,1.5558278560638428,False,False,False,False
whileLoops_90.pgcl,90,0.15323495864868164,0.0029468536376953125,0.0,0.0,Unsat,0.0,0.0,1.832317590713501,0.0034360885620117188,1.839951992034912,1.9961357116699219,Unsat,0.0,0.0,1.5064277648925781,0.0030698776245117188,1.5134949684143066,1.6696786880493164,1.8365137577056885,1.5104219913482666,False,False,False,False
whileLoops_91.pgcl,91,0.16215920448303223,0.0029859542846679688,0.0,0.0,Unsat,0.0,0.0,1.7836060523986816,0.0029032230377197266,1.7906668186187744,1.955812931060791,Unsat,0.0,0.0,1.6302330493927002,0.003996849060058594,1.638550043106079,1.8036961555480957,1.7877607345581055,1.6345500946044922,False,False,False,False
whileLoops_92.pgcl,92,0.19658231735229492,0.0030028820037841797,0.0,0.0,Unsat,0.0,0.0,1.7756564617156982,0.0031442642211914062,1.7827739715576172,1.9823591709136963,Unsat,0.0,0.0,1.5615766048431396,0.0028159618377685547,1.568443775177002,1.768028974533081,1.7796287536621094,1.5656259059906006,False,False,False,False
whileLoops_93.pgcl,93,0.16826105117797852,0.003045797348022461,0.0,0.0,Sat,0.0,0.0,1.8933868408203125,0.002763986587524414,1.9003231525421143,2.071632146835327,Sat,0.0,0.0,1.6350610256195068,0.0025658607482910156,1.6416850090026855,1.8129940032958984,1.897557020187378,1.6391172409057617,False,False,False,False
whileLoops_94.pgcl,94,0.16001009941101074,0.0030519962310791016,0.0,0.0,Unsat,0.0,0.0,1.7895622253417969,0.0029821395874023438,1.796626091003418,1.9596891403198242,Unsat,0.0,0.0,1.6922664642333984,0.002747058868408203,1.6993720531463623,1.8624351024627686,1.7936408519744873,1.6966218948364258,False,False,False,False
whileLoops_95.pgcl,95,0.1706831455230713,0.0031828880310058594,0.0,0.0,Unsat,0.0,0.0,1.8225677013397217,0.0028619766235351562,1.8296279907226562,2.0034961700439453,Unsat,0.0,0.0,1.74566650390625,0.0030100345611572266,1.752882957458496,1.9267511367797852,1.8267631530761719,1.7498679161071777,False,False,False,False
whileLoops_96.pgcl,96,0.2591729164123535,0.003974199295043945,0.0,0.0,Sat,0.0,0.0,1.841090202331543,0.0028982162475585938,1.8484761714935303,2.1116251945495605,Sat,0.0,0.0,1.6608259677886963,0.0025856494903564453,1.6678550243377686,1.9310040473937988,1.8455760478973389,1.665266990661621,False,False,False,False
whileLoops_97.pgcl,97,0.1721491813659668,0.0031061172485351562,0.0,0.0,Sat,0.0,0.0,2.010127305984497,0.003057241439819336,2.018533945083618,2.193791151046753,Sat,0.0,0.0,1.6621277332305908,0.002685070037841797,1.6689939498901367,1.8442511558532715,2.015475034713745,1.6663060188293457,False,False,False,False
whileLoops_98.pgcl,98,0.16948413848876953,0.0031549930572509766,0.0,0.0,Sat,0.0,0.0,1.900773048400879,0.003139972686767578,1.9082810878753662,2.0809221267700195,Sat,0.0,0.0,1.662454605102539,0.0026612281799316406,1.6701970100402832,1.8428380489349365,1.9051380157470703,1.6675338745117188,False,False,False,False
whileLoops_99.pgcl,99,0.1763761043548584,0.0036308765411376953,0.0,0.0,Sat,0.0,0.0,1.8932609558105469,0.0036487579345703125,1.9013357162475586,2.0813450813293457,Sat,0.0,0.0,1.8185853958129883,0.0026540756225585938,1.8256001472473145,2.0056095123291016,1.8976850509643555,1.822943925857544,False,False,False,False
whileLoops_100.pgcl,100,0.17988991737365723,0.0031960010528564453,0.0,0.0,Sat,0.0,0.0,1.9419546127319336,0.003026723861694336,1.9494352340698242,2.1325221061706543,Sat,0.0,0.0,1.634856939315796,0.0027539730072021484,1.6418678760528564,1.8249547481536865,1.9464073181152344,1.6391117572784424,False,False,False,False
whileLoops_101.pgcl,101,0.1792459487915039,0.0033049583435058594,0.0,0.0,Unsat,0.0,0.0,2.0352914333343506,0.003528118133544922,2.0432701110839844,2.225823163986206,Unsat,0.0,0.0,1.7665045261383057,0.002980947494506836,1.7739269733428955,1.9564800262451172,2.0397400856018066,1.7709441184997559,False,False,False,False
whileLoops_102.pgcl,102,0.26749300956726074,0.003484964370727539,0.0,0.0,Unsat,0.0,0.0,2.0361101627349854,0.003448009490966797,2.0441977977752686,2.3151798248291016,Unsat,0.0,0.0,1.6561098098754883,0.002960205078125,1.6635072231292725,1.9344892501831055,2.0407469272613525,1.6605439186096191,False,False,False,False
whileLoops_103.pgcl,103,0.18692469596862793,0.0034589767456054688,0.0,0.0,Unsat,0.0,0.0,2.0120906829833984,0.003495931625366211,2.0203583240509033,2.2107441425323486,Unsat,0.0,0.0,1.9196295738220215,0.0031080245971679688,1.927724838256836,2.1181106567382812,2.016860246658325,1.9246149063110352,False,False,False,False
whileLoops_104.pgcl,104,0.1830289363861084,0.003990888595581055,0.0,0.0,Sat,0.0,0.0,2.028291940689087,0.002810955047607422,2.0356500148773193,2.222672700881958,Sat,0.0,0.0,1.80869460105896,0.0030660629272460938,1.8166399002075195,2.003662586212158,2.032837152481079,1.8135709762573242,False,False,False,False
whileLoops_105.pgcl,105,0.18594002723693848,0.003422975540161133,0.0,0.0,Unsat,0.0,0.0,2.0777928829193115,0.0034241676330566406,2.0861709117889404,2.2755348682403564,Unsat,0.0,0.0,1.760127305984497,0.003813028335571289,1.768498182296753,1.957862138748169,2.082744836807251,1.7646820545196533,False,False,False,False
whileLoops_106.pgcl,106,0.18283987045288086,0.004529237747192383,0.0,0.0,Unsat,0.0,0.0,2.161806106567383,0.0033168792724609375,2.169835090637207,2.357206106185913,Unsat,0.0,0.0,1.7236437797546387,0.003228902816772461,1.7313528060913086,1.9187238216400146,2.1665170192718506,1.7281208038330078,False,False,False,False
whileLoops_107.pgcl,107,0.1811518669128418,0.003465890884399414,0.0,0.0,Sat,0.0,0.0,2.1776058673858643,0.002688169479370117,2.184986114501953,2.3696060180664062,Sat,0.0,0.0,1.8102130889892578,0.0026769638061523438,1.8174078464508057,2.002027750015259,2.182295083999634,1.814729928970337,False,False,False,False
whileLoops_108.pgcl,108,0.28263211250305176,0.003702878952026367,0.0,0.0,Sat,0.0,0.0,2.193632125854492,0.002830028533935547,2.2013399600982666,2.4876761436462402,Sat,0.0,0.0,1.8546996116638184,0.003503084182739258,1.8631112575531006,2.149447441101074,2.1985080242156982,1.8596060276031494,False,False,False,False
whileLoops_109.pgcl,109,0.19167709350585938,0.003554105758666992,0.0,0.0,Sat,0.0,0.0,2.117215871810913,0.0033347606658935547,2.1254379749298096,2.3206710815429688,Sat,0.0,0.0,1.894376277923584,0.0030891895294189453,1.9026432037353516,2.0978763103485107,2.122100830078125,1.8995521068572998,False,False,False,False
whileLoops_110.pgcl,110,0.20199298858642578,0.0035409927368164062,0.0,0.0,Unsat,0.0,0.0,2.2137351036071777,0.003236055374145508,2.2217369079589844,2.4272730350494385,Unsat,0.0,0.0,2.0293538570404053,0.003543853759765625,2.037827968597412,2.243364095687866,2.2184979915618896,2.0342812538146973,False,False,False,False
whileLoops_111.pgcl,111,0.19438672065734863,0.0037229061126708984,0.0,0.0,Sat,0.0,0.0,2.1884405612945557,0.003812074661254883,2.196864128112793,2.3949759006500244,Sat,0.0,0.0,2.0493528842926025,0.0030410289764404297,2.0576350688934326,2.255746841430664,2.193049192428589,2.054590940475464,False,False,False,False
whileLoops_112.pgcl,112,0.20781803131103516,0.004511833190917969,0.0,0.0,Unsat,0.0,0.0,2.263563632965088,0.0032210350036621094,2.2721059322357178,2.4844400882720947,Unsat,0.0,0.0,1.9972589015960693,0.0036830902099609375,2.006070137023926,2.2184042930603027,2.268882989883423,2.0023839473724365,False,False,False,False
whileLoops_113.pgcl,113,0.3668558597564697,0.003702878952026367,0.0,0.0,Sat,0.0,0.0,2.2044124603271484,0.0029790401458740234,2.2123167514801025,2.5828776359558105,Sat,0.0,0.0,1.9571945667266846,0.003316164016723633,1.9655060768127441,2.336066961288452,2.209336757659912,1.9621880054473877,False,False,False,False
whileLoops_114.pgcl,114,0.20059418678283691,0.003936052322387695,0.0,0.0,Sat,0.0,0.0,2.5655150413513184,0.0035440921783447266,2.574925661087036,2.7794578075408936,Sat,0.0,0.0,2.0090200901031494,0.002562999725341797,2.0168280601501465,2.221360206604004,2.5713789463043213,2.0142629146575928,False,False,False,False
whileLoops_115.pgcl,115,0.1970376968383789,0.0037202835083007812,0.0,0.0,Unsat,0.0,0.0,2.3219377994537354,0.00687718391418457,2.334242820739746,2.535001754760742,Unsat,0.0,0.0,1.9896454811096191,0.005148887634277344,1.9998979568481445,2.2006568908691406,2.3273637294769287,1.9947459697723389,False,False,False,False
whileLoops_116.pgcl,116,0.23582696914672852,0.0042150020599365234,0.0,0.0,Sat,0.0,0.0,2.668654680252075,0.0030221939086914062,2.677349090576172,2.9173951148986816,Sat,0.0,0.0,2.075056314468384,0.0037801265716552734,2.0841569900512695,2.3242030143737793,2.6743242740631104,2.080374002456665,False,False,False,False
whileLoops_117.pgcl,117,0.2017650604248047,0.004253864288330078,0.0,0.0,Sat,0.0,0.0,2.336968421936035,0.0028798580169677734,2.3452017307281494,2.5512237548828125,Sat,0.0,0.0,2.125990629196167,0.002684354782104492,2.13413405418396,2.340156078338623,2.342319965362549,2.1314470767974854,False,False,False,False
whileLoops_118.pgcl,118,0.21635198593139648,0.003809213638305664,0.0,0.0,Unsat,0.0,0.0,2.413970708847046,0.0031549930572509766,2.4224140644073486,2.6425771713256836,Unsat,0.0,0.0,2.034712314605713,0.003103017807006836,2.04298996925354,2.263153076171875,2.419257164001465,2.0398850440979004,False,False,False,False
whileLoops_119.pgcl,119,0.30196690559387207,0.004242897033691406,0.0,0.0,Sat,0.0,0.0,2.379817247390747,0.0031232833862304688,2.3885622024536133,2.6947760581970215,Sat,0.0,0.0,1.9859225749969482,0.003270864486694336,1.994478702545166,2.300692558288574,2.3854379653930664,1.9912059307098389,False,False,False,False
whileLoops_120.pgcl,120,0.20652127265930176,0.004385948181152344,0.0,0.0,Sat,0.0,0.0,2.5625479221343994,0.0028307437896728516,2.5710527896881104,2.7819621562957764,Sat,0.0,0.0,2.1281003952026367,0.003614187240600586,2.1369171142578125,2.3478264808654785,2.5682199001312256,2.133301019668579,False,False,False,False
whileLoops_121.pgcl,121,0.2179248332977295,0.0043201446533203125,0.0,0.0,Unsat,0.0,0.0,2.4688100814819336,0.003244161605834961,2.4776570796966553,2.699903964996338,Unsat,0.0,0.0,2.1610796451568604,0.003055095672607422,2.1698009967803955,2.392047882080078,2.4744110107421875,2.166743040084839,False,False,False,False
whileLoops_122.pgcl,122,0.21195483207702637,0.003998994827270508,0.0,0.0,Unsat,0.0,0.0,2.498215675354004,0.0031838417053222656,2.5072438716888428,2.723198652267456,Unsat,0.0,0.0,2.1109845638275146,0.003203868865966797,2.119338035583496,2.3352928161621094,2.5040578842163086,2.116131067276001,False,False,False,False
whileLoops_123.pgcl,123,0.22477006912231445,0.003962993621826172,0.0,0.0,Unsat,0.0,0.0,2.586571216583252,0.0037679672241210938,2.5958988666534424,2.8246328830718994,Unsat,0.0,0.0,2.212174654006958,0.003627777099609375,2.22108793258667,2.449821949005127,2.592129945755005,2.2174570560455322,False,False,False,False
whileLoops_124.pgcl,124,0.32494306564331055,0.004492044448852539,0.0,0.0,Sat,0.0,0.0,2.5817484855651855,0.003381967544555664,2.590959072113037,2.920396089553833,Sat,0.0,0.0,2.1327316761016846,0.0026068687438964844,2.141078233718872,2.470515251159668,2.587574005126953,2.1384692192077637,False,False,False,False
whileLoops_125.pgcl,125,0.2081301212310791,0.00448298454284668,0.0,0.0,Sat,0.0,0.0,2.6212987899780273,0.0034859180450439453,2.630363941192627,2.842978000640869,Sat,0.0,0.0,2.1589531898498535,0.0027971267700195312,2.1672849655151367,2.379899024963379,2.6268749237060547,2.164484977722168,False,False,False,False
whileLoops_126.pgcl,126,0.2261672019958496,0.004431724548339844,0.0,0.0,Unsat,0.0,0.0,2.538170099258423,0.0030651092529296875,2.5472910404205322,2.777891159057617,Unsat,0.0,0.0,2.213621139526367,0.0028417110443115234,2.222343921661377,2.452944040298462,2.5442240238189697,2.2195000648498535,False,False,False,False
whileLoops_127.pgcl,127,0.2166299819946289,0.0047838687896728516,0.0,0.0,Sat,0.0,0.0,2.5362539291381836,0.002723217010498047,2.5447328090667725,2.766150951385498,Sat,0.0,0.0,2.2011969089508057,0.0024182796478271484,2.2093238830566406,2.430742025375366,2.5420079231262207,2.2069027423858643,False,False,False,False
whileLoops_128.pgcl,128,0.29758715629577637,0.004742860794067383,0.0,0.0,Unsat,0.0,0.0,2.5517778396606445,0.0030846595764160156,2.5608067512512207,2.8631389141082764,Unsat,0.0,0.0,2.209962844848633,0.0033338069915771484,2.218961238861084,2.5212934017181396,2.5577211380004883,2.2156240940093994,False,False,False,False
whileLoops_129.pgcl,129,0.22754788398742676,0.004224061965942383,0.0,0.0,Sat,0.0,0.0,2.5248491764068604,0.002916097640991211,2.5338611602783203,2.7656350135803223,Sat,0.0,0.0,2.245894193649292,0.002724170684814453,2.2543721199035645,2.4861459732055664,2.5309431552886963,2.251646041870117,False,False,False,False
whileLoops_130.pgcl,130,0.22272801399230957,0.004189968109130859,0.0,0.0,Sat,0.0,0.0,2.627635955810547,0.003202199935913086,2.6364290714263916,2.863349199295044,Sat,0.0,0.0,2.2484333515167236,0.0031409263610839844,2.2573599815368652,2.4842801094055176,2.6332249641418457,2.254215955734253,False,False,False,False
whileLoops_131.pgcl,131,0.22382903099060059,0.004904031753540039,0.0,0.0,Sat,0.0,0.0,2.592172861099243,0.003650188446044922,2.6018078327178955,2.830542802810669,Sat,0.0,0.0,2.195236921310425,0.0025119781494140625,2.2032430171966553,2.4319779872894287,2.5981550216674805,2.2007291316986084,False,False,False,False
whileLoops_132.pgcl,132,0.22475123405456543,0.004232883453369141,0.0,0.0,Unsat,0.0,0.0,2.597452402114868,0.0031671524047851562,2.606436014175415,2.8354222774505615,Unsat,0.0,0.0,2.2997326850891113,0.0030307769775390625,2.3085720539093018,2.5375583171844482,2.6032650470733643,2.305536985397339,False,False,False,False
whileLoops_133.pgcl,133,0.3355121612548828,0.004941225051879883,0.0,0.0,Sat,0.0,0.0,2.6563050746917725,0.0028929710388183594,2.6654210090637207,3.00587797164917,Sat,0.0,0.0,2.3849542140960693,0.0030548572540283203,2.3940958976745605,2.7345528602600098,2.662524938583374,2.391040086746216,False,False,False,False
whileLoops_134.pgcl,134,0.24615883827209473,0.004394054412841797,0.0,0.0,Sat,0.0,0.0,2.645639181137085,0.003303050994873047,2.6553163528442383,2.9058711528778076,Sat,0.0,0.0,2.392683506011963,0.0029387474060058594,2.4017648696899414,2.6523196697235107,2.652010202407837,2.398822784423828,False,False,False,False
whileLoops_135.pgcl,135,0.2660191059112549,0.008777379989624023,0.0,0.0,Sat,0.0,0.0,2.560009002685547,0.0026061534881591797,2.5688588619232178,2.8436577320098877,Sat,0.0,0.0,2.366925001144409,0.0025701522827148438,2.3754501342773438,2.6502490043640137,2.566251039505005,2.372878074645996,False,False,False,False
whileLoops_136.pgcl,136,0.2406768798828125,0.004948854446411133,0.0,0.0,Sat,0.0,0.0,2.698927164077759,0.0027399063110351562,2.7079689502716064,2.953596830368042,Sat,0.0,0.0,2.3917012214660645,0.06371402740478516,2.4616341590881348,2.7072620391845703,2.7052271366119385,2.3979179859161377,False,False,False,False
whileLoops_137.pgcl,137,0.3397090435028076,0.006648063659667969,0.0,0.0,Unsat,0.0,0.0,2.6561973094940186,0.0028679370880126953,2.66497802734375,3.0113370418548584,Unsat,0.0,0.0,2.315021276473999,0.0032541751861572266,2.3240561485290527,2.670415163040161,2.6621079444885254,2.3208000659942627,False,False,False,False
whileLoops_138.pgcl,138,0.3034398555755615,0.012778997421264648,0.0,0.0,Unsat,0.0,0.0,2.6093313694000244,0.002919912338256836,2.6185100078582764,2.9347331523895264,Unsat,0.0,0.0,2.5182642936706543,0.0029571056365966797,2.527557134628296,2.843780279159546,2.615586996078491,2.5245981216430664,False,False,False,False
whileLoops_139.pgcl,139,0.23764920234680176,0.004656076431274414,0.0,0.0,Sat,0.0,0.0,2.588637113571167,0.003314971923828125,2.5979950428009033,2.840301990509033,Sat,0.0,0.0,2.7009077072143555,0.003763914108276367,2.711308002471924,2.9536149501800537,2.594676971435547,2.707540988922119,False,False,False,False
whileLoops_140.pgcl,140,0.2715141773223877,0.005228996276855469,0.0,0.0,Unsat,0.0,0.0,2.700814962387085,0.003030061721801758,2.7100131511688232,2.9867591857910156,Unsat,0.0,0.0,2.550652027130127,0.0040929317474365234,2.5609960556030273,2.8377420902252197,2.7069809436798096,2.556900978088379,False,False,False,False
whileLoops_141.pgcl,141,0.2444770336151123,0.005596160888671875,0.0,0.0,Sat,0.0,0.0,2.653374671936035,0.0031223297119140625,2.6627941131591797,2.912869930267334,Sat,0.0,0.0,2.502626419067383,0.002607107162475586,2.5111958980560303,2.7612717151641846,2.6596689224243164,2.508587121963501,False,False,False,False
whileLoops_142.pgcl,142,0.468829870223999,0.004580974578857422,0.0,0.0,Unsat,0.0,0.0,2.82426381111145,0.004617929458618164,2.835214138031006,3.308626890182495,Unsat,0.0,0.0,2.5890560150146484,0.003013134002685547,2.5984089374542236,3.071821689605713,2.830591917037964,2.5953927040100098,False,False,False,False
whileLoops_143.pgcl,143,0.23619294166564941,0.0046329498291015625,0.0,0.0,Sat,0.0,0.0,2.7786059379577637,0.0031478404998779297,2.7882299423217773,3.0290558338165283,Sat,0.0,0.0,2.3952271938323975,0.0024378299713134766,2.403949022293091,2.644774913787842,2.7850797176361084,2.4015090465545654,False,False,False,False
whileLoops_144.pgcl,144,0.24468302726745605,0.0064508914947509766,0.0,0.0,Unsat,0.0,0.0,2.9035568237304688,0.0030667781829833984,2.9131739139556885,3.1643097400665283,Unsat,0.0,0.0,2.4909162521362305,0.003155946731567383,2.5006961822509766,2.7518320083618164,2.910104990005493,2.4975380897521973,False,False,False,False
whileLoops_145.pgcl,145,0.25598788261413574,0.005098104476928711,0.0,0.0,Unsat,0.0,0.0,3.2770237922668457,0.0030410289764404297,3.2871809005737305,3.5482687950134277,Unsat,0.0,0.0,2.5490407943725586,0.003957033157348633,2.559561014175415,2.8206489086151123,3.2841379642486572,2.555600881576538,False,False,False,False
whileLoops_146.pgcl,146,0.45147705078125,0.005257129669189453,0.0,0.0,Unsat,0.0,0.0,2.7680256366729736,0.0033600330352783203,2.7780661582946777,3.234804153442383,Unsat,0.0,0.0,2.51411509513855,0.0029582977294921875,2.523797035217285,2.9805350303649902,2.7747042179107666,2.5208358764648438,False,False,False,False
whileLoops_147.pgcl,147,0.26766490936279297,0.0050318241119384766,0.0,0.0,Sat,0.0,0.0,2.8336637020111084,0.003186941146850586,2.8432440757751465,3.1159448623657227,Sat,0.0,0.0,2.590898036956787,0.0026400089263916016,2.6003122329711914,2.8730130195617676,2.840054988861084,2.597669839859009,False,False,False,False
whileLoops_148.pgcl,148,0.2702929973602295,0.009817123413085938,0.0,0.0,Sat,0.0,0.0,2.9566571712493896,0.002711057662963867,2.966158151626587,3.2462711334228516,Sat,0.0,0.0,2.63703989982605,0.0029807090759277344,2.646789789199829,2.9269027709960938,2.9634461402893066,2.643808126449585,False,False,False,False
whileLoops_149.pgcl,149,0.2745368480682373,0.005070209503173828,0.0,0.0,Sat,0.0,0.0,3.085002899169922,0.00397801399230957,3.095806121826172,3.3754160404205322,Sat,0.0,0.0,2.558974027633667,0.002819061279296875,2.5683481693267822,2.8479580879211426,3.0918262004852295,2.5655269622802734,False,False,False,False
whileLoops_150.pgcl,150,0.3402688503265381,0.00516200065612793,0.0,0.0,Sat,0.0,0.0,2.9836931228637695,0.0027430057525634766,2.993260145187378,3.338693141937256,Sat,0.0,0.0,2.4767298698425293,0.0026078224182128906,2.485848903656006,2.831281900405884,2.9905142784118652,2.48323917388916,False,False,False,False
whileLoops_151.pgcl,151,0.2650430202484131,0.005852937698364258,0.0,0.0,Unsat,0.0,0.0,2.961005449295044,0.0029921531677246094,2.9706718921661377,3.241569995880127,Unsat,0.0,0.0,2.6098082065582275,0.0029540061950683594,2.6194491386413574,2.8903472423553467,2.9676778316497803,2.6164920330047607,False,False,False,False
whileLoops_152.pgcl,152,0.33850908279418945,0.005068778991699219,0.0,0.0,Sat,0.0,0.0,4.9736998081207275,0.0028228759765625,4.985546112060547,5.329127073287964,Sat,0.0,0.0,2.640317916870117,0.0027251243591308594,2.6497199535369873,2.9933009147644043,4.9827189445495605,2.6469929218292236,False,False,False,False
whileLoops_153.pgcl,153,0.27730512619018555,0.0051116943359375,0.0,0.0,Sat,0.0,0.0,3.1708736419677734,0.0027480125427246094,3.180591106414795,3.46301007270813,Sat,0.0,0.0,2.845261335372925,0.003070831298828125,2.855358839035034,3.137777805328369,3.1778411865234375,2.8522839546203613,False,False,False,False
whileLoops_154.pgcl,154,0.4121971130371094,0.010876178741455078,0.0,0.0,Unsat,0.0,0.0,3.6717278957366943,0.004770040512084961,3.6843531131744385,4.107429027557373,Unsat,0.0,0.0,2.916943073272705,0.002897977828979492,2.9271931648254395,3.350269079208374,3.6795802116394043,2.9242920875549316,False,False,False,False
whileLoops_155.pgcl,155,0.35036230087280273,0.005850791931152344,0.0,0.0,Unsat,0.0,0.0,3.0665838718414307,0.003634929656982422,3.0771398544311523,3.4333550930023193,Unsat,0.0,0.0,2.7884113788604736,0.003194093704223633,2.7987661361694336,3.1549813747406006,3.073503017425537,2.795569896697998,False,False,False,False
whileLoops_156.pgcl,156,0.272719144821167,0.011319637298583984,0.0,0.0,Sat,0.0,0.0,3.1247594356536865,0.003004789352416992,3.134773015975952,3.4188151359558105,Sat,0.0,0.0,2.6187334060668945,0.002721071243286133,2.628216028213501,2.9122581481933594,3.1317648887634277,2.625492811203003,False,False,False,False
whileLoops_157.pgcl,157,0.2843599319458008,0.006089210510253906,0.0,0.0,Unsat,0.0,0.0,3.1537046432495117,0.003014802932739258,3.163396120071411,3.453848123550415,Unsat,0.0,0.0,2.725503444671631,0.003812074661254883,2.736036777496338,3.026488780975342,3.16037917137146,2.7322208881378174,False,False,False,False
whileLoops_158.pgcl,158,0.4486868381500244,0.0054302215576171875,0.0,0.0,Sat,0.0,0.0,3.0580852031707764,0.0029740333557128906,3.0679101943969727,3.522029161453247,Sat,0.0,0.0,2.7541210651397705,0.0030698776245117188,2.76428484916687,3.2184038162231445,3.0649330615997314,2.7612130641937256,False,False,False,False
whileLoops_159.pgcl,159,0.28762102127075195,0.006319999694824219,0.0,0.0,Unsat,0.0,0.0,3.31099534034729,0.0034029483795166016,3.321863889694214,3.6158077716827393,Unsat,0.0,0.0,3.0945334434509277,0.002832174301147461,3.1046769618988037,3.398620843887329,3.3184587955474854,3.1018431186676025,False,False,False,False
whileLoops_160.pgcl,160,0.28974294662475586,0.0063629150390625,0.0,0.0,Sat,0.0,0.0,3.2915897369384766,0.0029888153076171875,3.3019888401031494,3.598097801208496,Sat,0.0,0.0,4.537533283233643,0.0028798580169677734,4.55512809753418,4.851237058639526,3.2989981174468994,4.552245140075684,False,False,False,False
whileLoops_161.pgcl,161,0.4701669216156006,0.006667137145996094,0.0,0.0,Sat,0.0,0.0,4.96894383430481,0.003706216812133789,4.980460166931152,5.457296133041382,Sat,0.0,0.0,4.720323085784912,0.010825157165527344,4.74039888381958,5.21723484992981,4.97675085067749,4.72957181930542,False,False,False,False
whileLoops_162.pgcl,162,0.5651280879974365,0.006300210952758789,0.0,0.0,Sat,0.0,0.0,6.333930730819702,0.004767894744873047,6.347604036331177,6.919035196304321,Sat,0.0,0.0,4.3764567375183105,0.004393100738525391,4.38874077796936,4.960171937942505,6.342833995819092,4.384345769882202,False,False,False,False
whileLoops_163.pgcl,163,0.3865642547607422,0.006255149841308594,0.0,0.0,Unsat,0.0,0.0,3.4898762702941895,0.003542184829711914,3.5006637573242188,3.8934857845306396,Unsat,0.0,0.0,2.993474006652832,0.0029811859130859375,3.0038599967956543,3.396682024002075,3.4971189498901367,3.000875949859619,False,False,False,False
whileLoops_164.pgcl,164,0.3167150020599365,0.011177778244018555,0.0,0.0,Sat,0.0,0.0,4.199413061141968,0.0031020641326904297,4.2109291553497314,4.53882622718811,Sat,0.0,0.0,3.5220401287078857,0.0041310787200927734,3.534240961074829,3.862138032913208,4.207826137542725,3.530104875564575,False,False,False,False
whileLoops_165.pgcl,165,0.6017429828643799,0.00857400894165039,0.0,0.0,Sat,0.0,0.0,6.751904726028442,0.0028700828552246094,6.766427993774414,7.376748085021973,Sat,0.0,0.0,3.526329517364502,0.002852916717529297,3.5372438430786133,4.147563934326172,6.763556003570557,3.5343880653381348,False,False,False,False
whileLoops_166.pgcl,166,0.6416871547698975,0.010043859481811523,0.0,0.0,Sat,0.0,0.0,4.699777364730835,0.0029039382934570312,4.713443756103516,5.365177869796753,Sat,0.0,0.0,3.233793020248413,0.0025968551635742188,3.2444729804992676,3.896207094192505,4.710537910461426,3.2418742179870605,False,False,False,False
whileLoops_167.pgcl,167,0.38912510871887207,0.010788917541503906,0.0,0.0,Sat,0.0,0.0,3.4570088386535645,0.05516695976257324,3.519800901412964,3.919719934463501,Sat,0.0,0.0,2.7566635608673096,0.002846956253051758,2.7666637897491455,3.1665828227996826,3.464632034301758,2.763814926147461,False,False,False,False
whileLoops_168.pgcl,168,0.3000297546386719,0.0058748722076416016,0.0,0.0,Sat,0.0,0.0,3.538052558898926,0.0026810169219970703,3.548704147338867,3.854612112045288,Sat,0.0,0.0,3.8466854095458984,0.00257110595703125,3.858081102371216,4.163989067077637,3.546020984649658,3.855509042739868,False,False,False,False
whileLoops_169.pgcl,169,0.3803391456604004,0.006220102310180664,0.0,0.0,Sat,0.0,0.0,3.599944829940796,0.003197908401489258,3.6146340370178223,4.001195907592773,Sat,0.0,0.0,3.0050947666168213,0.0026848316192626953,3.015561819076538,3.4021236896514893,3.6114330291748047,3.0128748416900635,False,False,False,False
whileLoops_170.pgcl,170,0.4089689254760742,0.007147073745727539,0.0,0.0,Sat,0.0,0.0,3.8822572231292725,0.004023075103759766,3.8950440883636475,4.311161756515503,Sat,0.0,0.0,4.968507289886475,0.003412961959838867,4.98388409614563,5.400001764297485,3.8910179138183594,4.980468988418579,False,False,False,False
whileLoops_171.pgcl,171,0.38246798515319824,0.006053924560546875,0.0,0.0,Sat,0.0,0.0,4.558761119842529,0.0034079551696777344,4.571452856063843,4.959976673126221,Sat,0.0,0.0,3.31941294670105,0.0031168460845947266,3.3305909633636475,3.7191147804260254,4.568043947219849,3.32747220993042,False,False,False,False
whileLoops_172.pgcl,172,0.3108999729156494,0.005719900131225586,0.0,0.0,Unsat,0.0,0.0,3.5614123344421387,0.004150867462158203,3.573107957839966,3.889730215072632,Unsat,0.0,0.0,3.4664230346679688,0.0035042762756347656,3.4795000553131104,3.7961223125457764,3.5689537525177,3.475994110107422,False,False,False,False
whileLoops_173.pgcl,173,0.41063690185546875,0.005724906921386719,0.0,0.0,Sat,0.0,0.0,3.964700937271118,0.0037660598754882812,3.9767889976501465,4.393152952194214,Sat,0.0,0.0,4.86668062210083,0.0044422149658203125,4.88047981262207,5.296843767166138,3.9730210304260254,4.8760340213775635,False,False,False,False
whileLoops_174.pgcl,174,0.5517959594726562,0.011633157730102539,0.0,0.0,Sat,0.0,0.0,6.923955202102661,0.00991511344909668,6.944833040237427,7.508265018463135,Sat,0.0,0.0,7.066358327865601,0.004006147384643555,7.087785959243774,7.651217937469482,6.934913873672485,7.083776950836182,False,False,False,False
whileLoops_175.pgcl,175,0.721656084060669,0.008330821990966797,0.0,0.0,Unsat,0.0,0.0,5.365048408508301,0.00692296028137207,5.382389068603516,6.112378835678101,Unsat,0.0,0.0,4.956630229949951,0.003901958465576172,4.970854997634888,5.700844764709473,5.375462055206299,4.966948986053467,False,False,False,False
whileLoops_176.pgcl,176,0.5683078765869141,0.010791778564453125,0.0,0.0,Unsat,0.0,0.0,4.969536542892456,0.004912137985229492,4.984594821929932,5.563698768615723,Unsat,0.0,0.0,4.626610040664673,0.0033829212188720703,4.641863822937012,5.220967769622803,4.979681730270386,4.638476848602295,False,False,False,False
whileLoops_177.pgcl,177,0.49731922149658203,0.008495807647705078,0.0,0.0,Unsat,0.0,0.0,3.8220367431640625,0.0036237239837646484,3.834066867828369,4.33988618850708,Unsat,0.0,0.0,3.2926104068756104,0.0027189254760742188,3.3033998012542725,3.8092191219329834,3.8304388523101807,3.300679922103882,False,False,False,False
whileLoops_178.pgcl,178,0.315018892288208,0.006844043731689453,0.0,0.0,Sat,0.0,0.0,3.682208776473999,0.0030410289764404297,3.693542003631592,4.015408992767334,Sat,0.0,0.0,3.6410934925079346,0.0032129287719726562,3.6531450748443604,3.9750120639801025,3.690497875213623,3.6499288082122803,False,False,False,False
whileLoops_179.pgcl,179,0.336104154586792,0.006248950958251953,0.0,0.0,Sat,0.0,0.0,3.8782355785369873,0.004331111907958984,3.890869617462158,4.233224868774414,Sat,0.0,0.0,3.2912940979003906,0.0028638839721679688,3.3025829792022705,3.6449382305145264,3.886535882949829,3.2997171878814697,False,False,False,False
whileLoops_180.pgcl,180,0.4673173427581787,0.006453037261962891,0.0,0.0,Sat,0.0,0.0,3.5566515922546387,0.003332853317260742,3.568755865097046,4.042530059814453,Sat,0.0,0.0,3.3781778812408447,0.004015922546386719,3.3904619216918945,3.8642361164093018,3.565420150756836,3.3864428997039795,False,False,False,False
whileLoops_181.pgcl,181,0.3608272075653076,0.006882905960083008,0.0,0.0,Sat,0.0,0.0,4.302459478378296,0.0028340816497802734,4.313863754272461,4.68157696723938,Sat,0.0,0.0,3.48982834815979,0.003389120101928711,3.501450300216675,3.8691635131835938,4.3110268115997314,3.4980602264404297,False,False,False,False
whileLoops_182.pgcl,182,0.35913705825805664,0.0060617923736572266,0.0,0.0,Sat,0.0,0.0,4.066030502319336,0.004197835922241211,4.0791380405426025,4.444338798522949,Sat,0.0,0.0,3.8311166763305664,0.002851724624633789,3.842481851577759,4.2076826095581055,4.074936866760254,3.839627981185913,False,False,False,False
whileLoops_183.pgcl,183,0.47112107276916504,0.006597995758056641,0.0,0.0,Unsat,0.0,0.0,4.019786357879639,0.005293130874633789,4.0334436893463135,4.511164665222168,Unsat,0.0,0.0,5.813445091247559,0.006989955902099609,5.831244945526123,6.3089659214019775,4.02814793586731,5.824252128601074,False,False,False,False
whileLoops_184.pgcl,184,0.4340848922729492,0.008348226547241211,0.0,0.0,Sat,0.0,0.0,6.500997304916382,0.0040361881256103516,6.5201170444488525,6.962552785873413,Sat,0.0,0.0,5.258029222488403,0.0033600330352783203,5.272780179977417,5.7152159214019775,6.516078233718872,5.2694172859191895,False,False,False,False
whileLoops_185.pgcl,185,0.6815171241760254,0.014483928680419922,0.0,0.0,Sat,0.0,0.0,6.981363773345947,0.008359909057617188,7.007249116897583,7.703253269195557,Sat,0.0,0.0,7.454271554946899,0.004127979278564453,7.4702699184417725,8.166274070739746,6.9988861083984375,7.466139793395996,False,False,False,False
whileLoops_186.pgcl,186,0.4661691188812256,0.006880998611450195,0.0,0.0,Sat,0.0,0.0,4.0781569480896,0.004041910171508789,4.0915491580963135,4.564600944519043,Sat,0.0,0.0,3.6290271282196045,0.002730131149291992,3.6401422023773193,4.113193988800049,4.087504148483276,3.6374101638793945,False,False,False,False
whileLoops_187.pgcl,187,0.3840210437774658,0.006236076354980469,0.0,0.0,Sat,0.0,0.0,4.0067713260650635,0.003233194351196289,4.018800973892212,4.409061908721924,Sat,0.0,0.0,3.436084270477295,0.0028951168060302734,3.447114944458008,3.8373758792877197,4.015564918518066,3.4442179203033447,False,False,False,False
whileLoops_188.pgcl,188,0.3857600688934326,0.006554126739501953,0.0,0.0,Unsat,0.0,0.0,4.1785290241241455,0.003452777862548828,4.190947771072388,4.583263874053955,Unsat,0.0,0.0,4.075501918792725,0.004386186599731445,4.088983058929443,4.481299161911011,4.1874918937683105,4.084594011306763,False,False,False,False
whileLoops_189.pgcl,189,0.46892595291137695,0.0069539546966552734,0.0,0.0,Sat,0.0,0.0,4.367096424102783,0.004075050354003906,4.380503177642822,4.856386184692383,Sat,0.0,0.0,3.928968906402588,0.0034928321838378906,3.942530870437622,4.418413877487183,4.37642502784729,3.939034938812256,False,False,False,False
whileLoops_190.pgcl,190,0.371906042098999,0.006359100341796875,0.0,0.0,Sat,0.0,0.0,4.6610846519470215,0.003929853439331055,4.674670934677124,5.052937984466553,Sat,0.0,0.0,4.224754571914673,0.0038459300994873047,4.237742185592651,4.61600923538208,4.670737981796265,4.233893156051636,False,False,False,False
whileLoops_191.pgcl,191,0.3996732234954834,0.006414175033569336,0.0,0.0,Sat,0.0,0.0,4.081252813339233,0.00362396240234375,4.094067096710205,4.500157117843628,Sat,0.0,0.0,3.63327956199646,0.0026738643646240234,3.644496202468872,4.050586223602295,4.090440988540649,3.641820192337036,False,False,False,False
whileLoops_192.pgcl,192,0.3918912410736084,0.007503986358642578,0.0,0.0,Unsat,0.0,0.0,5.704068899154663,0.004438161849975586,5.720838785171509,6.120236873626709,Unsat,0.0,0.0,4.807640314102173,0.00915217399597168,4.827940225601196,5.2273383140563965,5.716395616531372,4.81878399848938,False,False,False,False
whileLoops_193.pgcl,193,0.898982048034668,0.015685319900512695,0.0,0.0,Sat,0.0,0.0,5.555847406387329,0.0028188228607177734,5.569440841674805,6.484112024307251,Sat,0.0,0.0,4.811233282089233,0.008795738220214844,4.830717086791992,5.7453882694244385,5.566620111465454,4.821916103363037,False,False,False,False
whileLoops_194.pgcl,194,0.4532341957092285,0.008140802383422852,0.0,0.0,Unsat,0.0,0.0,4.967406988143921,0.003286123275756836,4.981343984603882,5.442721128463745,Unsat,0.0,0.0,3.9459900856018066,0.004709005355834961,3.960344076156616,4.4217212200164795,4.978055953979492,3.955631971359253,False,False,False,False
whileLoops_195.pgcl,195,0.48731422424316406,0.0072021484375,0.0,0.0,Unsat,0.0,0.0,7.072271823883057,0.0038518905639648438,7.089105844497681,7.583625078201294,Unsat,0.0,0.0,6.03608775138855,0.004910707473754883,6.05324387550354,6.547763109207153,7.0852508544921875,6.048330068588257,False,False,False,False
whileLoops_196.pgcl,196,1.2424259185791016,0.011191844940185547,0.0,0.0,Sat,0.0,0.0,7.6535046100616455,0.004625797271728516,7.670727014541626,8.924347877502441,Sat,0.0,0.0,5.471147060394287,0.0033431053161621094,5.488171100616455,6.7417919635772705,7.66609787940979,5.484824895858765,False,False,False,False
whileLoops_197.pgcl,197,0.5293831825256348,0.01639699935913086,0.0,0.0,Sat,0.0,0.0,12.36721682548523,0.005014896392822266,12.392421960830688,12.938220024108887,Sat,0.0,0.0,5.888598442077637,0.00412297248840332,5.906625032424927,6.452423095703125,12.387403964996338,5.902498245239258,False,False,False,False
whileLoops_198.pgcl,198,0.5515880584716797,0.007036924362182617,0.0,0.0,Sat,0.0,0.0,7.642029523849487,0.005403995513916016,7.658967971801758,8.217595100402832,Sat,0.0,0.0,5.6424407958984375,0.0032422542572021484,5.656789541244507,6.215416669845581,7.653561115264893,5.653544902801514,False,False,False,False
whileLoops_199.pgcl,199,0.5448088645935059,0.0069179534912109375,0.0,0.0,Sat,0.0,0.0,5.196315288543701,0.0027778148651123047,5.210578918457031,5.762308835983276,Sat,0.0,0.0,4.585531711578369,0.0039081573486328125,4.599528074264526,5.1512579917907715,5.207798957824707,4.595616102218628,False,False,False,False
whileLoops_200.pgcl,200,0.4091529846191406,0.012064933776855469,0.0,0.0,Unsat,0.0,0.0,10.163086175918579,0.0042781829833984375,10.185079097747803,10.606298923492432,Unsat,0.0,0.0,8.281469583511353,0.004978179931640625,8.300996780395508,8.722216606140137,10.180798053741455,8.296014070510864,False,False,False,False
whileLoops_201.pgcl,201,1.1094770431518555,0.015482902526855469,0.0,0.0,Unsat,0.0,0.0,9.14730191230774,0.00400090217590332,9.177624225616455,10.302587270736694,Unsat,0.0,0.0,6.104022264480591,0.004139900207519531,6.120187044143677,7.245150089263916,9.173620223999023,6.116044044494629,False,False,False,False
whileLoops_202.pgcl,202,0.6771690845489502,0.007441997528076172,0.0,0.0,Sat,0.0,0.0,5.906933784484863,0.002830028533935547,5.920477867126465,6.605093002319336,Sat,0.0,0.0,6.9531848430633545,0.002869844436645508,6.968202114105225,7.652817249298096,5.91764497756958,6.965329885482788,False,False,False,False
whileLoops_203.pgcl,203,0.6306972503662109,0.01044917106628418,0.0,0.0,Unsat,0.0,0.0,6.409674406051636,0.004518747329711914,6.426725149154663,7.067875385284424,Unsat,0.0,0.0,5.374227523803711,0.004584074020385742,5.390968084335327,6.032118320465088,6.422203063964844,5.386382102966309,False,False,False,False
whileLoops_204.pgcl,204,0.7565281391143799,0.020840883255004883,0.0,0.0,Unsat,0.0,0.0,7.199058532714844,0.011434078216552734,7.225274085998535,8.00264835357666,Unsat,0.0,0.0,8.23133897781372,0.003389120101928711,8.2551851272583,9.032559394836426,7.213833808898926,8.251793146133423,False,False,False,False
whileLoops_205.pgcl,205,0.6945652961730957,0.006853818893432617,0.0,0.0,Sat,0.0,0.0,7.8865132331848145,0.004230976104736328,7.9099531173706055,8.611374378204346,Sat,0.0,0.0,5.177595615386963,0.00547027587890625,5.1961517333984375,5.897572994232178,7.905720233917236,5.19067907333374,False,False,False,False
whileLoops_206.pgcl,206,0.581575870513916,0.010621309280395508,0.0,0.0,Unsat,0.0,0.0,6.669896602630615,0.0041768550872802734,6.687019109725952,7.279218912124634,Unsat,0.0,0.0,8.733401536941528,0.007528066635131836,8.765156984329224,9.357356786727905,6.6828391551971436,8.757626056671143,False,False,False,False
whileLoops_207.pgcl,207,1.4708659648895264,0.01508784294128418,0.0,0.0,Sat,0.0,0.0,5.4349939823150635,0.0035278797149658203,5.448494911193848,6.9344518184661865,Sat,0.0,0.0,5.452049493789673,0.0048220157623291016,5.469358205795288,6.955315113067627,5.44496488571167,5.464533090591431,False,False,False,False
whileLoops_208.pgcl,208,0.7943010330200195,0.011682748794555664,0.0,0.0,Sat,0.0,0.0,6.593140602111816,0.004103183746337891,6.608603239059448,7.414591312408447,Sat,0.0,0.0,5.841195821762085,0.003651142120361328,5.858030080795288,6.664018154144287,6.604496240615845,5.854375123977661,False,False,False,False
whileLoops_209.pgcl,209,0.5097789764404297,0.012135028839111328,0.0,0.0,Sat,0.0,0.0,6.258986234664917,0.004391193389892578,6.274944067001343,6.7968621253967285,Sat,0.0,0.0,4.776975870132446,0.0028939247131347656,4.790564060211182,5.312482118606567,6.270550012588501,4.787667274475098,False,False,False,False
whileLoops_210.pgcl,210,0.520388126373291,0.007475137710571289,0.0,0.0,Sat,0.0,0.0,9.244539022445679,0.003336191177368164,9.261366844177246,9.789232969284058,Sat,0.0,0.0,6.062902927398682,0.0038928985595703125,6.079901218414307,6.607767343521118,9.258028030395508,6.076006174087524,False,False,False,False
whileLoops_211.pgcl,211,0.7185900211334229,0.014939308166503906,0.0,0.0,Unsat,0.0,0.0,8.024229288101196,0.005609989166259766,8.043633699417114,8.777167558670044,Unsat,0.0,0.0,8.615859746932983,0.004495859146118164,8.636337995529175,9.369871854782104,8.03801965713501,8.631838083267212,False,False,False,False
whileLoops_212.pgcl,212,0.8326289653778076,0.012688159942626953,0.0,0.0,Sat,0.0,0.0,6.903161287307739,0.004446983337402344,6.922715902328491,7.768033981323242,Sat,0.0,0.0,4.810728311538696,0.003935098648071289,4.825425863265991,5.670743942260742,6.918266773223877,4.8214850425720215,False,False,False,False
whileLoops_213.pgcl,213,1.5327138900756836,0.013800859451293945,0.0,0.0,Sat,0.0,0.0,6.278550386428833,0.004249095916748047,6.295578956604004,7.842098951339722,Sat,0.0,0.0,6.04608678817749,0.0025620460510253906,6.06245493888855,7.608974933624268,6.29132604598999,6.059890985488892,False,False,False,False
whileLoops_214.pgcl,214,0.47215795516967773,0.008887052536010742,0.0,0.0,Unsat,0.0,0.0,5.4980762004852295,0.0035109519958496094,5.513800859451294,5.994848966598511,Unsat,0.0,0.0,4.337843418121338,0.005309104919433594,4.3536598682403564,4.834707975387573,5.510274887084961,4.348347902297974,False,False,False,False
whileLoops_215.pgcl,215,0.5896420478820801,0.009050130844116211,0.0,0.0,Sat,0.0,0.0,8.370669841766357,0.005113840103149414,8.393860101699829,8.992555141448975,Sat,0.0,0.0,8.136143922805786,0.004804134368896484,8.157646179199219,8.756341218948364,8.388743162155151,8.15284013748169,False,False,False,False
whileLoops_216.pgcl,216,0.7676501274108887,0.017022371292114258,0.0,0.0,Unsat,0.0,0.0,5.115141153335571,0.0051419734954833984,5.131002902984619,5.9156787395477295,Unsat,0.0,0.0,4.761651515960693,0.004709005355834961,4.777552127838135,5.562227964401245,5.125856876373291,4.772840976715088,False,False,False,False
whileLoops_217.pgcl,217,0.617805004119873,0.007503032684326172,0.0,0.0,Unsat,0.0,0.0,7.084443092346191,0.005062103271484375,7.101193189620972,7.726503133773804,Unsat,0.0,0.0,5.716359853744507,0.0047760009765625,5.734328031539917,6.359637975692749,7.096127986907959,5.72954797744751,False,False,False,False
whileLoops_218.pgcl,218,0.4804391860961914,0.011752843856811523,0.0,0.0,Sat,0.0,0.0,6.869270324707031,0.007519960403442383,6.889779090881348,7.381974220275879,Sat,0.0,0.0,7.983987092971802,0.004106998443603516,8.002821922302246,8.495017051696777,6.8822548389434814,7.998711109161377,False,False,False,False
whileLoops_219.pgcl,219,0.824124813079834,0.012402057647705078,0.0,0.0,Unsat,0.0,0.0,8.91624927520752,0.005267143249511719,8.936394691467285,9.772927522659302,Unsat,0.0,0.0,5.936669826507568,0.004769086837768555,5.954876184463501,6.791409015655518,8.931124925613403,5.950103998184204,False,False,False,False
whileLoops_220.pgcl,220,0.5863559246063232,0.017092227935791016,0.0,0.0,Sat,0.0,0.0,7.498126268386841,0.00492095947265625,7.519879102706909,8.123330354690552,Sat,0.0,0.0,6.63447380065918,0.004230976104736328,6.6557769775390625,7.259228229522705,7.514955997467041,6.651540994644165,False,False,False,False
whileLoops_221.pgcl,221,0.7369258403778076,0.017281055450439453,0.0,0.0,Sat,0.0,0.0,7.1133363246917725,0.0049250125885009766,7.134526968002319,7.888737916946411,Sat,0.0,0.0,6.646831035614014,0.004500865936279297,6.665743112564087,7.419954061508179,7.12959885597229,6.661239147186279,False,False,False,False
whileLoops_222.pgcl,222,0.5690362453460693,0.007512092590332031,0.0,0.0,Sat,0.0,0.0,6.77674126625061,0.003631114959716797,6.792479991912842,7.369031190872192,Sat,0.0,0.0,4.826005220413208,0.0028929710388183594,4.839923143386841,5.416474342346191,6.788843870162964,4.8370280265808105,False,False,False,False
whileLoops_223.pgcl,223,0.46063828468322754,0.007035970687866211,0.0,0.0,Sat,0.0,0.0,5.713775157928467,0.003008127212524414,5.7275378704071045,6.195214033126831,Sat,0.0,0.0,6.968183517456055,0.005923271179199219,6.996222257614136,7.463898420333862,5.724528074264526,6.990296125411987,False,False,False,False
whileLoops_224.pgcl,224,0.5680680274963379,0.012511014938354492,0.0,0.0,Unsat,0.0,0.0,9.177026510238647,0.007798910140991211,9.204090118408203,9.784672021865845,Unsat,0.0,0.0,6.6605589389801025,0.004978179931640625,6.6813719272613525,7.261953830718994,9.196285963058472,6.676389932632446,False,False,False,False
whileLoops_225.pgcl,225,0.9750399589538574,0.010998010635375977,0.0,0.0,Sat,0.0,0.0,6.55216383934021,0.0030651092529296875,6.56850004196167,7.5545408725738525,Sat,0.0,0.0,6.432273864746094,0.002687215805053711,6.4495298862457275,7.43557071685791,6.5654332637786865,6.446840047836304,False,False,False,False
whileLoops_226.pgcl,226,0.7132899761199951,0.0157928466796875,0.0,0.0,Unsat,0.0,0.0,6.857094764709473,0.005570173263549805,6.875920295715332,7.605006217956543,Unsat,0.0,0.0,5.963579893112183,0.004842042922973633,5.982800722122192,6.711886644363403,6.8703460693359375,5.9779558181762695,False,False,False,False
whileLoops_227.pgcl,227,0.8753888607025146,0.018381118774414062,0.0,0.0,Sat,0.0,0.0,6.941604137420654,0.0027620792388916016,6.957745790481567,7.851519823074341,Sat,0.0,0.0,7.83810019493103,0.003629922866821289,7.854620933532715,8.748394966125488,6.954981803894043,7.850988149642944,False,False,False,False
whileLoops_228.pgcl,228,0.5898618698120117,0.010785102844238281,0.0,0.0,Unsat,0.0,0.0,6.226126194000244,0.0038881301879882812,6.242619037628174,6.843269109725952,Unsat,0.0,0.0,5.74266791343689,0.004355907440185547,5.759437084197998,6.360087156295776,6.238729000091553,5.755078315734863,False,False,False,False
whileLoops_229.pgcl,229,0.5967788696289062,0.014264822006225586,0.0,0.0,Sat,0.0,0.0,6.344436407089233,0.002732992172241211,6.359709978103638,6.970757961273193,Sat,0.0,0.0,5.8619959354400635,0.004428863525390625,5.879004955291748,6.490052938461304,6.356974840164185,5.874572992324829,False,False,False,False
whileLoops_230.pgcl,230,0.7414760589599609,0.015646934509277344,0.0,0.0,Sat,0.0,0.0,7.278072118759155,0.0047740936279296875,7.297137260437012,8.054264545440674,Sat,0.0,0.0,6.72067666053772,0.004221916198730469,6.753420114517212,7.510547399520874,7.292360067367554,6.749195098876953,False,False,False,False
whileLoops_231.pgcl,231,0.7531569004058838,0.028157949447631836,0.0,0.0,Unsat,0.0,0.0,6.961025238037109,0.004489898681640625,6.97817587852478,7.759493827819824,Unsat,0.0,0.0,7.724318265914917,0.0033779144287109375,7.743925094604492,8.525243043899536,6.973683834075928,7.740544080734253,False,False,False,False
whileLoops_232.pgcl,232,0.9967300891876221,0.013664722442626953,0.0,0.0,Unsat,0.0,0.0,5.715906620025635,0.003462076187133789,5.731125116348267,6.74152398109436,Unsat,0.0,0.0,5.03007435798645,0.002986907958984375,5.045485973358154,6.055884838104248,5.7276611328125,5.042495965957642,False,False,False,False
whileLoops_233.pgcl,233,0.5104880332946777,0.00832366943359375,0.0,0.0,Sat,0.0,0.0,5.430135250091553,0.0028870105743408203,5.4445109367370605,5.9633259773254395,Sat,0.0,0.0,4.774670124053955,0.0029802322387695312,4.788335084915161,5.30715012550354,5.441622018814087,4.785349130630493,False,False,False,False
whileLoops_234.pgcl,234,0.4524800777435303,0.008122920989990234,0.0,0.0,Unsat,0.0,0.0,5.878014087677002,0.003899812698364258,5.894064903259277,6.354671001434326,Unsat,0.0,0.0,7.56211256980896,0.003924131393432617,7.581667184829712,8.04227328300476,5.890159845352173,7.5777411460876465,False,False,False,False
whileLoops_235.pgcl,235,0.7984700202941895,0.008866071701049805,0.0,0.0,Sat,0.0,0.0,6.5218634605407715,0.002973794937133789,6.53787899017334,7.345217943191528,Sat,0.0,0.0,5.929509401321411,0.0037970542907714844,5.946337938308716,6.753676891326904,6.534901857376099,5.942538022994995,False,False,False,False
whileLoops_236.pgcl,236,0.6465539932250977,0.054125070571899414,0.0,0.0,Sat,0.0,0.0,9.093215465545654,0.0052280426025390625,9.116176128387451,9.816859245300293,Sat,0.0,0.0,10.877856492996216,0.004900217056274414,10.984607934951782,11.685291051864624,9.110943078994751,10.979703903198242,False,False,False,False
whileLoops_237.pgcl,237,1.206878900527954,0.020379066467285156,0.0,0.0,Sat,0.0,0.0,7.815699577331543,0.0035448074340820312,7.833775758743286,9.061038732528687,Sat,0.0,0.0,6.336854934692383,0.0029938220977783203,6.353902101516724,7.581165075302124,7.830225944519043,6.350906133651733,False,False,False,False
whileLoops_238.pgcl,238,0.8333749771118164,0.01109623908996582,0.0,0.0,Sat,0.0,0.0,6.874266147613525,0.0029702186584472656,6.891472101211548,7.735946893692017,Sat,0.0,0.0,5.370785474777222,0.003286123275756836,5.386598110198975,6.231072902679443,6.888499975204468,5.3833091259002686,False,False,False,False
whileLoops_239.pgcl,239,0.48034214973449707,0.008192062377929688,0.0,0.0,Sat,0.0,0.0,5.213291883468628,0.0030629634857177734,5.227744102478027,5.716280221939087,Sat,0.0,0.0,5.63135838508606,0.002933979034423828,5.646590948104858,6.135127067565918,5.224676132202148,5.643654823303223,False,False,False,False
whileLoops_240.pgcl,240,0.5799579620361328,0.010818004608154297,0.0,0.0,Sat,0.0,0.0,5.365944147109985,0.0029048919677734375,5.381746053695679,5.972525119781494,Sat,0.0,0.0,4.741175651550293,0.0029151439666748047,4.755941152572632,5.346720218658447,5.378838062286377,4.753024101257324,False,False,False,False
whileLoops_241.pgcl,241,0.4702749252319336,0.00816798210144043,0.0,0.0,Unsat,0.0,0.0,5.919436693191528,0.003003835678100586,5.934834957122803,6.413280963897705,Unsat,0.0,0.0,5.3234543800354,0.004364728927612305,5.339887857437134,5.818333864212036,5.931828022003174,5.335516929626465,False,False,False,False
whileLoops_242.pgcl,242,0.5079128742218018,0.010272026062011719,0.0,0.0,Unsat,0.0,0.0,6.1959826946258545,0.004083156585693359,6.213496685028076,6.731684684753418,Unsat,0.0,0.0,5.714423418045044,0.0065839290618896484,5.733614206314087,6.251802206039429,6.209410667419434,5.727025985717773,False,False,False,False
whileLoops_243.pgcl,243,0.7817966938018799,0.015844106674194336,0.0,0.0,Unsat,0.0,0.0,6.164748191833496,0.003686189651489258,6.181617021560669,6.979260683059692,Unsat,0.0,0.0,8.331499814987183,0.0046482086181640625,8.363367080688477,9.1610107421875,6.17792820930481,8.358710050582886,False,False,False,False
whileLoops_244.pgcl,244,0.8685591220855713,0.20026183128356934,0.0,0.0,Sat,0.0,0.0,8.3348867893219,0.0036993026733398438,8.354716062545776,9.423540115356445,Sat,0.0,0.0,5.599529266357422,0.0028002262115478516,5.616037130355835,6.684861183166504,8.351013898849487,5.613234996795654,False,False,False,False
whileLoops_245.pgcl,245,0.6901631355285645,0.010400056838989258,0.0,0.0,Unsat,0.0,0.0,6.266918182373047,0.004289150238037109,6.284766912460327,6.9853339195251465,Unsat,0.0,0.0,5.390650272369385,0.003923177719116211,5.407649040222168,6.108216047286987,6.280474901199341,5.403722286224365,False,False,False,False
whileLoops_246.pgcl,246,0.5287213325500488,0.010844945907592773,0.0,0.0,Unsat,0.0,0.0,5.864992141723633,0.003997087478637695,5.881662845611572,6.4212329387664795,Unsat,0.0,0.0,5.349512338638306,0.003329038619995117,5.3653340339660645,5.904904127120972,5.877662897109985,5.361999988555908,False,False,False,False
whileLoops_247.pgcl,247,0.6603970527648926,0.010258913040161133,0.0,0.0,Sat,0.0,0.0,5.877251863479614,0.0044097900390625,5.8938539028167725,6.564512014389038,Sat,0.0,0.0,5.4576005935668945,0.002732992172241211,5.4726409912109375,6.143299102783203,5.889441013336182,5.469904899597168,False,False,False,False
whileLoops_248.pgcl,248,0.6056978702545166,0.010167121887207031,0.0,0.0,Sat,0.0,0.0,5.8499064445495605,0.004113912582397461,5.866147041320801,6.4820170402526855,Sat,0.0,0.0,5.223548173904419,0.0800621509552002,5.315878868103027,5.931748867034912,5.862026929855347,5.235811948776245,False,False,False,False
whileLoops_249.pgcl,249,0.5401008129119873,0.011616945266723633,0.0,0.0,Unsat,0.0,0.0,6.186741590499878,0.003392934799194336,6.204226970672607,6.755949020385742,Unsat,0.0,0.0,5.444786310195923,0.004271030426025391,5.462290287017822,6.014012336730957,6.20083212852478,5.458014965057373,False,False,False,False
whileLoops_250.pgcl,250,0.632443904876709,0.009826183319091797,0.0,0.0,Unsat,0.0,0.0,6.072366237640381,0.0029709339141845703,6.088104963302612,6.730377912521362,Unsat,0.0,0.0,5.419971942901611,0.0057408809661865234,5.438344955444336,6.080617904663086,6.085130929946899,5.432599067687988,False,False,False,False
